{
    "layer_ids": [
        0,
        1,
        2,
        3,
        4,
        5,
        6,
        7,
        8,
        9,
        10,
        11,
        12,
        13,
        14,
        15,
        16,
        17,
        18,
        19,
        20,
        21,
        22,
        23,
        24,
        25,
        26,
        27,
        28,
        29,
        30,
        31
    ],
    "fo_net_displacement": [
        19.889745712280273,
        16.221506118774414,
        14.642169952392578,
        18.005495071411133,
        13.641599655151367,
        14.752223014831543,
        14.070883750915527,
        15.097644805908203,
        14.967876434326172,
        15.325679779052734,
        15.931164741516113,
        16.34123420715332,
        16.200225830078125,
        16.5268611907959,
        16.35984992980957,
        17.02709197998047,
        17.421411514282227,
        15.0968599319458,
        13.804630279541016,
        13.755847930908203,
        13.326983451843262,
        11.97383975982666,
        11.609697341918945,
        11.395837783813477,
        10.950448036193848,
        11.121830940246582,
        10.853809356689453,
        10.391782760620117,
        9.560970306396484,
        9.24737548828125,
        7.8096232414245605,
        7.916320323944092
    ],
    "zo_net_displacement": [
        100371.8984375,
        102997.09375,
        101406.46875,
        103391.453125,
        101644.2734375,
        100330.1796875,
        103545.0546875,
        101117.421875,
        102621.1953125,
        101692.5703125,
        99111.2890625,
        99892.234375,
        99965.3984375,
        101696.6875,
        101223.71875,
        102770.5078125,
        99744.453125,
        101684.015625,
        104482.9375,
        101386.8515625,
        103184.4921875,
        103520.7734375,
        102868.609375,
        102882.1328125,
        103520.109375,
        99446.7109375,
        102398.78125,
        102042.9140625,
        102916.6484375,
        102825.4296875,
        101216.1953125,
        100698.375
    ],
    "fo_normalized": [
        1.0,
        0.8155713176744626,
        0.7361667747894961,
        0.9052652221840236,
        0.6858609382184714,
        0.7416999306191866,
        0.7074441249506734,
        0.7590667585351106,
        0.752542372881356,
        0.7705317101962945,
        0.8009737767376249,
        0.8215909063665886,
        0.8145014051173025,
        0.8309237045997993,
        0.8225268521009153,
        0.8560738898470506,
        0.8758991576008911,
        0.7590272972984636,
        0.6940576555997796,
        0.6916050174746631,
        0.670042927879915,
        0.6020107010434932,
        0.5837026531088789,
        0.5729504011093258,
        0.5505574678832044,
        0.5591741141959281,
        0.5456987491794891,
        0.5224693624013529,
        0.4806984686834571,
        0.46493181069538564,
        0.39264570570164525,
        0.3980101323797427
    ],
    "zo_normalized": [
        0.9606534888770715,
        0.9857790775646981,
        0.9705552999981456,
        0.9895534677611835,
        0.9728313145627246,
        0.9602542011943338,
        0.9910235792088062,
        0.9677888494951628,
        0.9821813759064728,
        0.9732935610898191,
        0.9485882712907071,
        0.956062652574254,
        0.9567629014785309,
        0.9733329664472727,
        0.9688062105834266,
        0.9836104369912073,
        0.9546482469924814,
        0.9732116846829656,
        1.0,
        0.9703675450596898,
        0.9875726568991229,
        0.990791184804696,
        0.9845493612294351,
        0.9846787932479406,
        0.9907848291018808,
        0.9517985741691077,
        0.9800526641012558,
        0.9766466803491239,
        0.9850091402483778,
        0.9841360910005043,
        0.9687342042091801,
        0.9637781766999037
    ]
}