{
    "layer_ids": [
        0,
        1,
        2,
        3,
        4,
        5,
        6,
        7,
        8,
        9,
        10,
        11,
        12,
        13,
        14,
        15,
        16,
        17,
        18,
        19,
        20,
        21,
        22,
        23,
        24,
        25,
        26,
        27,
        28,
        29,
        30,
        31
    ],
    "fo_energy_normalized": [
        0.9999999999987964,
        0.6014212511822626,
        0.6215293660514876,
        0.754474866792126,
        0.6897231274587785,
        0.7781643004947563,
        0.7663977806869884,
        0.8892573123761662,
        0.8827957141895182,
        0.8957088707029929,
        0.914810811142012,
        0.9152487499209051,
        0.9154538955457808,
        0.9166254861953074,
        0.9125149158424429,
        0.8704423847592634,
        0.8346504746416098,
        0.7270688122720675,
        0.6737396592005049,
        0.6655258223784738,
        0.5788870467459083,
        0.5354788574959984,
        0.5036510985988337,
        0.4638085936954278,
        0.4506387461616958,
        0.4410118794378849,
        0.42772837836586963,
        0.39916232579702493,
        0.3992410452775276,
        0.38149466072813715,
        0.35903542811614847,
        0.43570013049983225
    ],
    "zo_energy_normalized": [
        0.9996393675419957,
        0.9995524165567433,
        0.9995216451884387,
        0.999889061194721,
        0.9996142961218295,
        0.9997541049192067,
        1.0,
        0.9998871599779271,
        0.9997058164799201,
        0.9997282732988753,
        0.9996846320969595,
        0.9994614675222614,
        0.9994070001263865,
        0.9995174482229587,
        0.999583352351215,
        0.9996393675419957,
        0.9995524165567433,
        0.9995216451884387,
        0.999889061194721,
        0.9996142961218295,
        0.9997541049192067,
        1.0,
        0.9998871599779271,
        0.9997058164799201,
        0.9997282732988753,
        0.9996846320969595,
        0.9994614675222614,
        0.9994070001263865,
        0.9995174482229587,
        0.999583352351215,
        0.999766988801419,
        0.9994682473323769
    ],
    "fo_displacement_normalized": [
        0.999999999995393,
        0.7887388557383064,
        0.7153821252482354,
        0.8818670158039564,
        0.6700993119658417,
        0.7116122422047478,
        0.68346388056239,
        0.7295303638710536,
        0.7172194757574403,
        0.7434516137501667,
        0.7649110128871732,
        0.7783770902312936,
        0.777015790441312,
        0.7986855882497057,
        0.7880614043530209,
        0.8187429856820184,
        0.8356718891379127,
        0.7080996458760205,
        0.6552279289619471,
        0.6515315061963077,
        0.6235742818701886,
        0.5532078416184983,
        0.5430399198590133,
        0.5330568086932729,
        0.5125516550506689,
        0.5175856172484788,
        0.5105747300135525,
        0.4876855970382531,
        0.45065314622429753,
        0.4390323629409578,
        0.376575099072982,
        0.3908790102176135
    ],
    "zo_displacement_normalized": [
        0.9656754268805121,
        0.9786066063482359,
        0.983915454741612,
        0.9964696535736699,
        0.9778897138859952,
        0.9741868373235277,
        0.9717216471090527,
        0.9728060241848774,
        0.9772657222662919,
        0.9636705077122538,
        0.9986555692110096,
        0.9520436583619534,
        0.9847168961233541,
        0.9999999999999963,
        0.9580589879162512,
        0.9656754268805121,
        0.9786066063482359,
        0.983915454741612,
        0.9964696535736699,
        0.9778897138859952,
        0.9741868373235277,
        0.9717216471090527,
        0.9728060241848774,
        0.9772657222662919,
        0.9636705077122538,
        0.9986555692110096,
        0.9520436583619534,
        0.9847168961233541,
        0.9999999999999963,
        0.9580589879162512,
        0.9642335188528038,
        0.9890431922560019
    ],
    "history": {
        "steps": [
            10,
            20,
            30,
            40,
            50,
            60,
            70,
            80,
            90,
            100,
            110,
            120,
            130,
            140,
            150,
            160,
            170,
            180,
            190,
            200,
            210,
            220,
            230,
            240,
            250,
            260,
            270,
            280,
            290,
            300,
            310,
            320,
            330,
            340,
            350,
            360,
            370,
            380,
            390,
            400,
            410,
            420,
            430,
            440,
            450,
            460,
            470,
            480,
            490,
            500,
            510,
            520,
            530,
            540,
            550,
            560,
            570,
            580,
            590,
            600,
            610,
            620,
            630,
            640,
            650,
            660,
            670,
            680,
            690,
            700,
            710,
            720,
            730,
            740,
            750,
            760,
            770,
            780,
            790,
            800,
            810,
            820,
            830,
            840,
            850,
            860,
            870,
            880,
            890,
            900,
            910,
            920,
            930,
            940,
            950,
            960,
            970,
            980,
            990,
            1000
        ],